server;mysql_base;mysql_prefix;L;H;N
wintertennis.ch;at_wintertennis;at_wintertennis_;;;
tcmauronline.ch;at_wintertennis;at_wintertennis_street_;;;
tennishalle-harpen.de;at_harpen;at_harpen_;;;
tennishalle-tsv-deizisau.de;at_deizisau;at_deizisau_;;;
tennishalle-neustadt.de;at_neustadt;at_neustadt_;;;
tennis-engehalbinsel.ch;at_engehalbinsel;at_engehalbinsel_;;;
mssw-hallenvermietung.de;at_hsz_nrw;at_hsz_nrw_;;;
tennishalle-bochum.de;at_gwbo;at_gwbo_;;;
tennisbuchung-stadtwald.de;at_stadtwald;at_stadtwald_;;;
tennishalle-spelle.de;at_spelle;at_spelle_;;;
tennisplatz-spelle.de;at_spelle;at_spelle_street_;;;
tennishalle-travemuende.de;at_travemuende;at_travemuende_;;;
tennis-travemuende.de;at_travemuende;at_travemuende_street_;;;
soccercenter-buchung.de;at_soccercenter;at_soccercenter_;;;
troisvierges-activity.lu;at_troisvierges;at_troisvierges_;;;
tennishalle-rastatt.de;at_rastatt;at_rastatt_;;;
tennishalle-hilpoltstein.de;at_hilpoltstein;at_hilpoltstein_;;;
hundesportwelt-rhein-neckar.de;at_hundesportwelt;at_hundesportwelt_;;;
tennishalle-prisdorf.de;at_prisdorf;at_prisdorf_;;;
tennisplatz-prisdorf.de;at_prisdorf;at_street_prisdorf_;;;
th-oberkirch.de;at_oberkirch;at_oberkirch_;;;
tennishalle-zweibruecken.de;at_zweibruecken;at_zweibruecken_;;;
tennishalle-dueren.de;at_duren;at_duren_;;;
hundesport-riedstadt.de;at_hundesport_riedstadt;at_hundesport_riedstadt_;;;
tennishalle-ommersheim.de;at_ommersheim;at_ommersheim_;;;
hundesporthalle-westerwald.com;at_westerwald;at_westerwald_;;;
tennishalle-tornesch.de;at_tornesch;at_tornesch_;;;
zhs-courtbuchung.de;at_zhc;at_zhs_;;;
ck-sportcenter.lu;at_cksportcenter;at_cksportcenter_;;;
tennisbuchung-karlsruhe.de;at_psk;at_psk_;;;
tennishalle-vreden.de;at_vreden;at_vreden_;;;
ftl-buchung.de;at_ftl_buchung;at_ftl_;;;
tennishalle-espelkamp.de;at_espelkamp;at_espelkamp_;;;
tenniszentrum-hamminkeln.de;at_hamminkeln;at_hamminkeln_;;;
tennishalle-spellen.de;at_spellen;at_spellen_;;;
tennis-koeln-tvdellbrueck.de;at_koeln_tvdellbrueck;at_koeln_tvdellbrueck_;;;
tennishalle-tut.de;at_tut;at_tut_;;;
fcn-tennishalle.de;at_fcn;at_fcn_;;;
tennishalle-ehrenkirchen.de;at_ehrenkirchen;at_ehrenkirchen_;;;
wineo-buchung.de;at_wineo;at_wineo_;;;
tennis-fuessen.de;at_fuessen;at_fuessen_;;;
hundesportzentrum-rhein-main.de;at_rhein;at_rhein_;;;
dogs-world-buchung.de;at_dogs;at_dogs_;;;
tennis-st-mauritz-muenster.de;at_mauritz_muenster;at_mauritz_muenster_;;;
tennisbuchung-hand.de;at_hand;at_hand_;;;
tennis-norderstedt.de;at_norderstedt;at_norderstedt_;;;
tennishalle-niederdorfelden.de;at_niederdorfelden;at_niederdorfelden_;;;
sportpark-ochtrup.de;at_ochtrup;at_ochtrup_;;;
tennisbuchung-exter.de;at_exter;at_exter_;;;
tennisbuchung-koblenz.de;at_koblenz;at_koblenz_;;;
tennisbuchung-kuenzelsau.de;at_tennisbuchung_kuenzelsau;at_tennisbuchung_kuenzelsau_;;;
tennisanlage-berenbostel.de;at_berenbostel;at_berenbostel_;;;
hundesport-thalfang.de;at_thalfang;at_thalfang_;;;
tennis-neuenhaus.de;at_neuenhaus;at_neuenhaus_;;;
tennishalle-spaichingen.de;at_spaichingen;at_spaichingen_;;;
hundesport-herzberg.de;at_herzberg;at_herzberg_;;;
schwarzgelb-heidelberg.net;at_schwarzgelb_heidelberg;at_schwarzgelb_heidelberg_;;;
tennis-gaggenau.de;at_gaggenau;at_gaggenau_;;;
tcesslingen-tennisbuchung.de;at_tcesslingen;at_tcesslingen_;;;
sport-park-malsch.de;at_malsch;at_malsch_;;;
tennishalle-langenargen.de;at_langenargen;at_langenargen_;;;
hundesport-luenen.de;at_luenen;at_luenen_;;;
sportbuchung-illingen.de;at_illingen;at_illingen_;;;
tennishalle-hallstadt.de;at_hallstadt;at_hallstadt_;;;
traglufthalle-hallstadt.de;at_traglufthalle;at_traglufthalle_;;;
tennishalle-baden-baden.de;at_baden_baden;at_baden_;;;
tennis-muehlheim.de;at_muehlheim;at_muehlheim_;;;
tennishalle-ramsdorf.de;at_ramsdorf;at_ramsdorf_;;;
sportcenter-wallau.de;at_wallau;at_wallau_;;;
tsc-tennis.de;at_tsc;at_tsc_;;;
tennisspielen-leipzig.de;at_leipzig;at_leipzig_;;;
tennishalle-schoenberg-freiburg.de;at_schoenberg;at_schoenberg_;;;
tennishalle-eichstaett.de;at_eichstaett;at_eichstaett_;;;
tennisbuchung-stadtkyll.de;at_stadtkyll;at_stadtkyll_;;;
sporty-dogs-hamminkeln.de;at_dogs_hamminkeln;at_dogs_hamminkeln_;;;
tennishalle-schwuelper.de;at_schwuelper;at_schwuelper_;;;
tennisbuchung-groenau.de;at_groenau;at_groenau_;;;
tennishalle-wallduern.de;at_wallduern;at_wallduern_;;;
tennishalle-moitzfeld.de;at_moitzfeld;at_moitzfeld_;;;
tc-bredeney-plaetze.de;at_bredeney_tc;at_bredeney_street_;;;
tennishalle-buechlberg.de;at_buechlberg;at_buechlberg_;;;
tennishalle-castrop-rauxel.de;at_castrop_rauxel;at_castrop_rauxel_;;;
tennishalle-rottweil.de;at_rotweil;at_rotweil_;;;
tc-rw-vellmar-platzbuchung.de;at_vellmar;at_vellmar_;;;
tennis-tdlank.de;at_tdlank;at_tdlank_;;;
buchung-haste.de;at_haste;at_haste_;;;
tennishalle-gauting.de;at_gauting;at_gauting_;;;
team-garbsen.de;at_havelse;at_havelse_;;;
tennishalle-essen-bredeney.de;at_bredeney;at_bredeney_;;;
beachhalle-rheinhessen.de;at_rheinhessen;at_rheinhessen_;;;
tennishalle-sport-dietsche.de;at_dietsche;at_dietsche_;;;
buchungskalender-hundezentrum.de;at_ortenau;at_ortenau_;;;
tennishalle-schwenningen.de;at_schwenningen;at_schwenningen_;;;
tennishalle-anroechte.de;at_anroechte;at_anroechte_;;;
tennishalle-wallmerod.de;at_probase_wallmerod;at_probase_wallmerod_;;;
buchung-dortmunder-tennisklub.de;at_dortmunder;at_dortmunder_;;;
tennishalle-baar-ebenhausen.de;at_baar_ebenhausen;at_baar_ebenhausen_;;;
tennis-union-muenster.de;at_muenster;at_muenster_;;;
tennishalle-heiligenhaus.de;at_heilgenhaus;at_heilgenhaus_;;;
tennishalle-tachenberg.de;at_tachenberg;at_tachenberg_;;;
tennisbuchung-mainz.de;at_mainz;at_mainz_;;;
tennis-kehl.de;at_kehl;at_kehl_;;;
tennishalle-donaueschingen.de;at_donaueschingen;at_donaueschingen_;;;
tennishalle-wehr.de;at_wehr;at_wehr_;;;
tennisbuchung-pfungstadt.de;at_pfungstadt;at_pfungstadt_;;;
tennishalle-solingen.de;at_solingen;at_solingen_;;;
tennishalle-suderwich.de;at_suderwich;at_suderwich_;;;
tennishalle-offenburg.de;at_offenburg;at_offenburg_;;;
tennis-tcj.lu;at_tennis_tcj;at_tennis_tcj_;;;
tennisbuchung-kempten.de;at_kempten;at_kempten_;;;
eislingen.sportbuchung.net;at_mc_eislingen;at_mc_eislingen_;;;
wolfsberg.sportbuchung.net;at_mc_wolfsberg;at_mc_wolfsberg_;;;
jagdparcoursbuke.active-court.com;at_jagdparcourbuke;at_jagdparcourbuke_;;;
tennishalle-esslingen.de;at_esslingen;at_esslingen_;;;
tennis-centrum-harburg.de;at_centrum_harburg;at_centrum_harburg_;;;
westfalen-hof.active-court.com;at_westfalen_hof;at_westfalen_hof_;;;
padel-bergischgladbach.de;at_bergischgladbach;at_bergischgladbach_;;;
eintracht-tennisbuchung.de;at_eintracht;at_eintracht_;;;
woelmersen.sportbuchung.net;at_mcarena_woelmersen;at_mcarena_woelmersen_;;;
tce-buchung.active-court.com;at_tce_buchung;at_tce_buchung_;;;
tscfreispeed.active-court.com;at_tcsfreispeed;at_tcsfreispeed_;;;
fdg-herne.active-court.com;at_fdg_herne;at_fdg_herne_;;;
tennishalle-gosheim.de;at_gosheim;at_gosheim_;;;
tennishalle-villingen.de;at_villingen;at_villingen_;;;
tennishalle-iserlohn.de;at_iserlohn;at_iserlohn_;;;
bocholt.sportbuchung.net;at_mcarena_bocholt;at_mcarena_bocholt_;;;
tennishalle-muggensturm.de;at_muggensturm;at_muggensturm_;;;
tennisbuchung-schlechtbach.de;at_schlechtbach;at_schlechtbach_;;;
tennishalle-ingelfingen.de;at_ingelfingen;at_ingelfingen_;;;
tennishalle-hoechenschwand.de;at_hochenschwand;at_hochenschwand_;;;
tenniscenter-wolbeck.de;at_wolbeck;at_wolbeck_;;;
kursraum-fuessen.de;at_kursraum_fuessen;at_kursraum_fuessen_;;;
usv-buchung.de;at_usv;at_jena_;;;
tennishalle-neckarelz.de;at_neckarelz;at_neckarelz_;;;
krefeld.sportbuchung.net;at_covestro;at_covestro_;;;
tennisbuchung-seestern.de;at_seestern;at_seestern_;;;
tennisbuchung-gerolstein.de;at_gerolstein;at_gerolstein_;;;
tennis-soccer-dellbrueck.de;at_dellbrueck;at_dellbrueck_;;;
bwbuchung.de;at_bwbuchung;at_bwbuchung_;;;
tennisclub-roscheid.de;at_tcroscheid;at_tcroscheid_;;;
hdrohrbach.sportbuchung.net;at_rohrbach;at_rohrbach_;;;
stadionherrenberg.sportbuchung.net;at_mc_vflherrenberg;at_mc_vflherrenberg_;;;
tennishalle-hagen.de;at_hagen;at_hagen_;;;
tennishalle-eging.de;at_eging;at_eging_;;;
tennishalle-hoechsterthc.de;at_hoechsterthc;at_hoechsterthc_;;;
sportbuchung-bevensen.de;at_bad_bevensen;at_bad_bevensen_;;;
tennis-squash-weiskirchen.de;at_weiskirchen;at_weiskirchen_;;;
aalen.sportbuchung.net;at_mcarena_aalen;at_mcarena_aalen_;;;
buchholz.sportbuchung.net;at_mcarena_buchholz;at_mcarena_buchholz_;;;
ilshofen.sportbuchung.net;at_mcarena_ilshofen;at_mcarena_ilshofen_;;;
tennishalle-bohlsbach.de;at_bohlsbach;at_bohlsbach_;;;
team-dogs-campus.active-court.com;at_dogs_campus;at_dogs_campus_;;;
wadgassen.sportbuchung.net;at_mcarena_wadgassen;at_wadgassen_;;;
tennis-badenweiler.active-court.com;at_badenweiler;at_badenweiler_;;;
oeffingen.sportbuchung.net;at_mcarena_oeffingen;at_mcarena_oeffingen_;;;
itc-platzbuchung.active-court.com;at_tcb_hallenbuchung;at_tcb_hallenbuchung_;;;
jesingen.sportbuchung.net;at_mcarena_jesingen;at_mcarena_jesingen_;;;
schorndorf.sportbuchung.net;at_mcarena_schorndorf;at_schorndorf_;;;
stralsund.sportbuchung.net;at_mcarena_stralsund;at_mcarena_stralsund_;;;
tennishalle-ratshausen.de;at_ratshausen;at_ratshausen_;;;
ravensburg.sportbuchung.net;at_mcarena_ravensburg;at_mcarena_ravensburg_;;;
neuss.sportbuchung.net;at_mcarena_norf;at_mcarena_norf_;;;
tennis-squash-rothaargebirge.de;at_rothaargebirge;at_rothaargebirge_;;;
fc-trogen.active-court.com;at_fc_trogen;at_fc_trogen_;;;
tennishalle-burgwedel.de;at_burgwedel;at_burgwedel_;;;
tennis-pulheim.de;at_pulheim;at_pulheim_;;;
kaltlufthalle-altdorf.de;at_altdorf;at_altdorf_;;;
agilityhalle-saarburg.de;at_saarburg;at_saarburg_;;;
sportpark-buchung.de;at_sportpark_buchung;at_sportpark_buchung_;;;
tennishalle-wettmar.de;at_wettmar;at_wettmar_;;;
wehringen.sportbuchung.net;at_mcarena_wehringen;at_mcarena_wehringen_;;;
auenstein.sportbuchung.net;at_mcarena_auenstein;at_mcarena_auenstein_;;;
tennisclubcalw.de;at_calw;at_calw_;;;
tennishalle-riedstadt.de;at_riedstadt;at_riedstadt_;;;
tennispark-steinbach.de;at_steinbach;at_steinbach_;;;
oberweikertshofen.sportbuchung.net;at_mcarena_sco;at_sco_arena_;;;
nagold.sportbuchung.net;at_mcarena_nagold;at_mcarena_nagold_;;;
dog-tec-seon.ch;at_dogtec;at_dogtec_;;;
tennishalle-ickern.de;at_ickern;at_ickern_;;;
aachenhaaren.sportbuchung.net;at_mcarena_aachen;at_mcarena_aachen_;;;
heddesheim.sportbuchung.net;at_mcarena_heddesheim;at_heddesheimarena_;;;
tennishalle-heidelberg.de;at_heidelberg;at_heidelberg_;;;
tennisbuchung-gemen.de;at_gemen;at_tennishallegemen_;;;
esslingen.sportbuchung.net;at_mcarena_esslingen;at_esslingen_;;;
zollernalb.sportbuchung.net;at_mcarena_zollernalb;at_mcarena_zollernalb_;;;
tennishalle-schriesheim.de;at_schriesheim;at_schriesheim_;;;
brawomcarena.sportbuchung.net;at_mcarena_gifhorn;at_mcarena_gifhorn_;;;
aspach.sportbuchung.net;at_mcarena_aspach;at_aspach_;;;
rwhi-tennisbuchung.de;at_hildesheimer;at_hildesheimer_;;;
tennishalle-bayreuth.de;at_bayreuth;at_bayreuth_;;;
tennishalle-kastellaun.de;at_kastellaun;at_kastellaun_;;;
tennis-tbb.de;at_tbb;at_tbb_;;;
tennishalle-wettersbach.de;at_wettersbach;at_wettersbach_;;;
tennishalle-undingen.de;at_undingen;at_undingen_;;;
tcroding.active-court.com;at_tcroding;at_tcroding_;;;
schwabmuenchen.sportbuchung.net;at_mcarena_schwabmuenchen;at_mcarena_schwabmuenchen_;;;
gerstetten.sportbuchung.net;at_mcarena_gerstetten;at_mcarena_;;;
tennishalle-heidenheim.de;at_heidenheim;at_heidenheim_;;;
simmern.sportbuchung.net;at_mcarena_simmern;at_simmern_;;;
geislingen.sportbuchung.net;at_mcarena_geislingen;at_geislingen_;;;
tennishalle-konstanz.de;at_konstanz;at_konstanz_;;;
tennishalle-breisach.de;at_breisach;at_breisach_;;;
tennishalle-buchholz.de;at_buchholz;at_buchholz_;;;
tennishalle-arnsberg.com;at_arnsberg;at_arnsberg_;;;
hundehalle-capricorn-bonaduz.ch;at_dogs_bonaduz;at_dogs_bonaduz_;;;
treuchtlingen.sportbuchung.net;at_mcarena_treuchtlingen;at_mcarena_treuchtlingen_;;;
tennishalle-dortmund.de;at_dortmund;at_dortmund_;;;
htc75.active-court.com;at_htc75;at_htc75_;;;
tc-herrenzimmern.active-court.com;at_herrenzimmern;at_herrenzimmern_;;;
tennishalle-stadtlohn.de;at_stadtlohn;at_stadtlohn_;;;
tennishalle-badsaeckingen.de;at_badsaeckingen;at_badsaeckingen_;;;
schiessplan-garlstorf.de;at_schiessplan_garlstorf;at_schiessplan_garlstorf_;;;