site,base,prefix,ftp_host,ftp_user,ftp_pass,ftp_path,bd_user,bd_pass,bd_host,protocol
agilitysports-halle4.ch,at_agilitysports,at_agilitysports_,agilitysports-halle4.ch,web149,H6zzF3XG,/html/agilitysports-halle4.ch,,,,https
buchung-haste.de,at_haste,at_haste_,buchung-haste.de,web161,Q5NToGCb,/html/buchung-haste.de,,,,https
dogs-world-buchung.de,at_dogs,at_dogs_,dogs-world-buchung.de,web17,ds?3x$U4o!,/html/dogs-world-buchung.de,,,,https
fcn-tennishalle.de,at_fcn,at_fcn_,fcn-tennishalle.de,web55,$d13!2m4o!,/html/fcn-tennishalle.de,,,,https
hszchalleren-buchen.ch,at_hszchalleren,at_hsz_challeren_,hszchalleren-buchen.ch,hszchalleren-buchen,isGhipcujhytGed,/html/hszchalleren-buchen.ch,,,,https
hundesport-herzberg.de,at_herzberg,at_herzberg_,hundesport-herzberg.de,hundesport-herzberg,turheBopShaHyp%,/html/hundesport-herzberg.de,,,,https
hundesport-luenen.de,at_luenen,at_luenen_,hundesport-luenen.de,hundesport-luenen,tuinJibQuipghim4,/html/hundesport-luenen.de,,,,https
hundesport-thalfang.de,at_thalfang,at_thalfang_,hundesport-thalfang.de,hundesport-thalfang,vajichochArjEec),/html/hundesport-thalfang.de,,,,https
hundesportzentrum-rhein-main.de,at_rhein,at_rhein_,hundesportzentrum-rhein-main.de,hundesportzentrum-rhein-main,yodGaphPacjakaj9,/html/hundesportzentrum-rhein-main.de,,,,https
kaltlufthalle-altdorf.de,at_altdorf,at_altdorf_,kaltlufthalle-altdorf.de,kaltlufthalle-altdorf,EzenLoanthyiv9,/html/kaltlufthalle-altdorf.de,,,,https
rwhi-tennisbuchung.de,at_hildesheimer,at_hildesheimer_,rwhi-tennisbuchung.de,rwhi-tennisbuchung,VotCaijhifjat3,/html/rwhi-tennisbuchung.de,,,,https
schiessanlage-waakhausen.de,at_waakhausen,at_waakhausen_,schiessanlage-waakhausen.de,schiessstand-waakhausen,#EmAnUgoynCekJi,/html/schiessanlage-waakhausen.de,,,,https
schwarzgelb-heidelberg.net,at_schwarzgelb_heidelberg,at_schwarzgelb_heidelberg_,schwarzgelb-heidelberg.net,web175,ZZQZLNZB,/html/schwarzgelb-heidelberg.net,,,,https
sport-park-malsch.de,at_malsch,at_malsch_,sport-park-malsch.de,web52,!34+zw8,/html/sport-park-malsch.de,,,,https
sportbuchung-illingen.de,at_illingen,at_illingen_,sportbuchung-illingen.de,sportbuchung-illingen,seibvasFodBeuth#,/html/sportbuchung-illingen.de,,,,https
sportcenter-wallau.de,at_wallau,at_wallau_,sportcenter-wallau.de,web156,hAj5wdKO,/html/sportcenter-wallau.de,,,,https
sportpark-ochtrup.de,at_ochtrup,at_ochtrup_,sportpark-ochtrup.de,web99,VzOCvbpD,/html/sportpark-ochtrup.de,,,,https
sporty-dogs-hamminkeln.de,at_dogs_hamminkeln,at_dogs_hamminkeln_,sporty-dogs-hamminkeln.de,sporty-dogs-hamminkeln,HutketYeckiff;,/html/sporty-dogs-hamminkeln.de,,,,https
sutos-tennisbuchung.de,at_sutos,at_sutos_,sutos-tennisbuchung.de,web49,ZlAiggQM,/html/sutos-tennisbuchung.de,,,,https
tcb-platzbuchung.de,at_tcb_hallenbuchung,at_tcb_hallenbuchung_,tcb-platzbuchung.de,web147,BCVXyUga,/html/tcb-platzbuchung.de,,,,https
tennis-buchung.de,at_tennis_buchung,at_tennis_buchung_,tennis-buchung.de,web2,f3f?or$s31,/html/tennis-buchung.de,,,,http
tennis-gaggenau.de,at_gaggenau,at_gaggenau_,tennis-gaggenau.de,tennis-gaggenau,ipQuebJopVorwek*,/html/tennis-gaggenau.de,,,,https
tennis-koeln-tvdellbrueck.de,at_koeln_tvdellbrueck,at_koeln_tvdellbrueck_,tennis-koeln-tvdellbrueck.de,tennis-koeln-tvdellbrueck,TucBekweebAvVub9,/html/tennis-koeln-tvdellbrueck.de,,,,https
tennis-muehlheim.de,at_muehlheim,at_muehlheim_,tennis-muehlheim.de,tennis-muehlheim,VesfubAmJeesHam2,/html/tennis-muehlheim.de,,,,https
tennis-neuenhaus.de,at_neuenhaus,at_neuenhaus_,tennis-neuenhaus.de,web103,t18F!5w6?n,/html/tennis-neuenhaus.de,,,,https
tennis-norderstedt.de,at_norderstedt,at_norderstedt_,tennis-norderstedt.de,web59,Qclm2VrD,/html/tennis-norderstedt.de,,,,https
tennis-st-mauritz-muenster.de,at_mauritz_muenster,at_mauritz_muenster_,tennis-st-mauritz-muenster.de,web158,cw4X5QHL,/html/tennis-st-mauritz-muenster.de,,,,https
tennis-svreinickendorf.de,at_svreinickendorf_new,at_svreinickendorf_,tennis-svreinickendorf.de,web14,AbYvSQ3D,/html/tennis-svreinickendorf.de,,,,https
tennis-tbb.de,at_tbb,at_tbb_,tennis-tbb.de,web129,hOs0xqeZ,/html/tennis-tbb.de,,,,https
tennis-usingen.de,at_usingen,at_usingen_,tennis-usingen.de,web41,nf!4x$Z2o!,/html/tennis-usingen.de,,,,https
tennisanlage-berenbostel.de,at_berenbostel,at_berenbostel_,tennisanlage-berenbostel.de,web150,OqD2amty,/html/tennisanlage-berenbostel.de,,,,http,sites
tennisbuchung-groenau.de,at_groenau,at_groenau_,tennisbuchung-groenau.de,web182,tc?5s$h4de,/html/tennisbuchung-groenau.de,,,,https
tennisbuchung-hand.de,at_hand,at_hand_,tennisbuchung-hand.de,web70,oM0zjagr,/html/tennisbuchung-hand.de,,,,https
tennisbuchung-kuenzelsau.de,at_tennisbuchung_kuenzelsau,at_tennisbuchung_kuenzelsau_,tennisbuchung-kuenzelsau.de,tennisbuchung-kuenzelsau,nl!483d3$,/html/tennisbuchung-kuenzelsau.de,,,,https
tennisbuchung-stadtkyll.de,at_stadtkyll,at_stadtkyll_,tennisbuchung-stadtkyll.de,tennisbuchung-stadtkyll,nitNuAtotbohurt!,/html/tennisbuchung-stadtkyll.de,,,,https
tennisclub-roscheid.de,at_tcroscheid,at_tcroscheid_,tennisclub-roscheid.de,tennisclub-roscheid,JogWatPeinjint%,/html/tennisclub-roscheid.de,,,,https
tennishalle-baden-baden.de,at_baden_baden,at_baden_,tennishalle-baden-baden.de,web1,$u13!2M4o!,/html/tennishalle-baden-baden.de,,,,https
tennishalle-badsaeckingen.de,at_badsaeckingen,at_badsaeckingen_,tennishalle-badsaeckingen.de,web69,oOCCq9Jl,/html/tennishalle-badsaeckingen.de,,,,https
tennishalle-buchholz.de,at_buchholz,at_buchholz_,tennishalle-buchholz.de,web138,2v4Z1ciI,/html/tennishalle-buchholz.de,,,,https
tennishalle-dettingen.de,at_dettingen,at_dettingen_,tennishalle-dettingen.de,web92,zSoHvS9l,/html/tennishalle-dettingen.de,,,,https
tennishalle-ehrenkirchen.de,at_ehrenkirchen,at_ehrenkirchen_,tennishalle-ehrenkirchen.de,tennishalle-ehrenkirchen,HetnivCogPhod1,/html/tennishalle-ehrenkirchen.de,,,,https
tennishalle-eichstaett.de,at_eichstaett,at_eichstaett_,tennishalle-eichstaett.de,web68,tp?2x$Zs4!,/html/tennishalle-eichstaett.de,,,,https
tennishalle-espelkamp.de,at_espelkamp,at_espelkamp_,tennishalle-espelkamp.de,tennishalle-espelkamp,ReagfodCajwyep+,/html/tennishalle-espelkamp.de,,,,https
tennisbuchung-exter.de,at_exter,at_exter_,tennisbuchung-exter.de,web45,rabGitt[otGanci,/html/tennisbuchung-exter.de,,,,https
tennishalle-heidenheim.de,at_heidenheim,at_heidenheim_,tennishalle-heidenheim.de,web105,hy102LmT,/html/tennishalle-heidenheim.de,,,,https
tennishalle-hoechsterthc.de,at_hoechsterthc,at_hoechsterthc_,tennishalle-hoechsterthc.de,web127,HvWe2RfL,/html/tennishalle-hoechsterthc.de,,,,https
tennisbuchung-koblenz.de,at_koblenz,at_koblenz_,tennisbuchung-koblenz.de,web88,fKsO3wdi,/html/tennisbuchung-koblenz.de,,,,https
tennishalle-konstanz.de,at_konstanz,at_konstanz_,tennishalle-konstanz.de,web73,Z4!8x$U4o?,/html/tennishalle-konstanz.de,,,,https
tennishalle-langenargen.de,at_langenargen,at_langenargen_,tennishalle-langenargen.de,web108,PG3C5lxR,/html/tennishalle-langenargen.de,,,,https
tennishalle-niederdorfelden.de,at_niederdorfelden,at_niederdorfelden_,tennishalle-niederdorfelden.de,web38,u18Z!1w6?p,/html/tennishalle-niederdorfelden.de,,,,https
tennishalle-offenbach.de,at_offenbacher,at_offenbacher_,tennishalle-offenbach.de,web31,i93!9a4o?,/html/tennishalle-offenbach.de,,,,https
tennishalle-ramsdorf.de,at_ramsdorf,at_ramsdorf_,tennishalle-ramsdorf.de,tennishalle-ramsdorf,ruvagQuoAkjuv(,/html/tennishalle-ramsdorf.de,,,,https
tennishalle-schoenberg-freiburg.de,at_schoenberg,at_schoenberg_,tennishalle-schoenberg-freiburg.de,web21,MSvXYSmX,/html/tennishalle-schoenberg-freiburg.de,,,,https
tennishalle-schriesheim.de,at_schriesheim,at_schriesheim_,tennishalle-schriesheim.de,tennishalle-schriesheim,GhaQuevGecAdYek1,/html/tennishalle-schriesheim.de,,,,https
tennishalle-schwuelper.de,at_schwuelper,at_schwuelper_,tennishalle-schwuelper.de,web95,BSqw3zEk,/html,,,,https
tennishalle-spaichingen.de,at_spaichingen,at_spaichingen_,tennishalle-spaichingen.de,web37,u!12Z0w6?s,/html/tennishalle-spaichingen.de,,,,https
tennishalle-spellen.de,at_spellen,at_spellen_,tennishalle-spellen.de,tennishalle-spellen,trewshEdUjHur5,/html/tennishalle-spellen.de,,,,https
tennishalle-tut.de,at_tut,at_tut_,tennishalle-tut.de,web84,u!12Z0w6?s,/html/tennishalle-tut.de,,,,https
tennishalle-waldkirch.de,at_waldkirch,at_waldkirch_new_,tennishalle-waldkirch.de,web91,$l18!9d4o,/html/tennishalle-waldkirch.de,,,,https
tennishalle-wallduern.de,at_wallduern,at_wallduern_,tennishalle-wallduern.de,web30,u1z!90A6?d,/html/tennishalle-wallduern.de,,,,https
tennispark-steinbach.de,at_steinbach,at_steinbach_,tennispark-steinbach.de,web111,DKL3txV8,/html/tennispark-steinbach.de,,,,https
tennisspielen-leipzig.de,at_leipzig,at_leipzig_,tennisspielen-leipzig.de,tennisspielen-leipzig,TwybGeibradoc?,/html/tennisspielen-leipzig.de,,,,https
tenniszentrum-hamminkeln.de,at_hamminkeln,at_hamminkeln_,tenniszentrum-hamminkeln.de,tennishalle-hamminkeln,UkyitdeshEnMif6,/html/tenniszentrum-hamminkeln.de,,,,https
tennishalle-hallstadt.de,at_hallstadt,at_hallstadt_,tennishalle-hallstadt.de,web96,708Q12lY,/html/tennishalle-hallstadt.de,,,,https
tsc-tennis.de,at_tsc,at_tsc_,tsc-tennis.de,tsc-tennis,en=odAnWyegCers,/html/tsc-tennis.de,,,,https
wineo-buchung.de,at_wineo,at_wineo_,wineo-buchung.de,wineo-buchung,rigBagochbutBan%,/html/wineo-buchung.de,,,,https
